{"mean_": [-0.1683024833460827, -0.2219354016064257, 1.5856760374832664, -0.09506267842890267], "scale_": [0.26767448702069596, 0.3384959372122154, 0.9846660586834864, 0.0596166611041935], "coef_": [-0.0915905546735799, -0.9650785415892639, 0.47999183999258094, -0.4956439542954627], "intercept_": 0.16704303096891654}