{
    "mean_": [
        -0.24797849288781534,
        -0.4101926409017722,
        2.2572463768115942,
        -0.17062557101632025
    ],
    "scale_": [
        0.30622666546430516,
        0.46463165469978934,
        1.2531152108122379,
        0.07587893685108503
    ],
    "coef_": [
        -0.08352394676472537,
        -0.7595593200892585,
        0.5742433796116994,
        -0.41813250641346145
    ],
    "intercept_": 0.07783525719972424
}
